<?xml version="1.0" encoding="UTF-8"?>
<!DOCTYPE mapper PUBLIC "-//mybatis.org//DTD Mapper 3.0//EN" "http://mybatis.org/dtd/mybatis-3-mapper.dtd">

<mapper namespace="com.bizpoll.mybatis.FineDustMapper.xml">

	<!-- Oracle <foreach>태그 사용시 시퀀스 사용 불가해서 프로그램에서 시퀀스 대체용으로 사용하기 위함. -->
	<select id="fineDustMaxNum" resultType="Integer">
		SELECT NVL(MAX(fineDustNum), 0) fineDustNum
		FROM finedust
	</select>
	
	<!-- 
		parameterType을 List로 받아 <foreach> 태그를 이용한 다중 insert
		<foreach> 태그 속성 설명
		 - collection : 전달받은 parameter. List나 Array 형태만 가능
		 - item : 전달받은 parameter값을 alias 명으로 대체
		 - open : 해당 구문이 시작될때 삽입할 문자열
		 - close : 해당 구문이 종료될때 삽입할 문자열
		 - separator : 반복 되는 사이에 출력할 문자열
		 - index : 반복되는 구문 번호. 0부터 순차적으로 증가
	 -->
	<!-- Mysql, MariaDB 방식 -->
 <!-- 	
	<insert id="createFineDust" parameterType="java.util.List">
		INSERT INTO finedust(cityName, coValue, dataTime, no2Value, o3Value, pm10Value, pm25Value, sidoName, so2Value)
		VALUES
		<foreach collection="list" item="item" index="index">
			(#{item.cityName}, #{item.coValue}, #{item.dataTime}, #{item.no2Value}, #{item.o3Value}, #{item.pm10Value}, #{item.pm25Value}, #{item.sidoName}, #{item.so2Value})
		</foreach>
	</insert>
 -->
	<!-- Oracle 방식 
		1. 시작할떄 INSERT ALL을 써주고 본 쿼리의 insert문은 insert를 제외한 into부터 시작해서 작성
		   <foreach> 태그안에 open="INSERT ALL " separator=" " close="SELECT * FROM DUAL" 추가
		     아래와 같이 하지 않으면 오라클에서는 ora-00933 sql command not properly ended 에러가 발생 함.
		2. sequence 를 사용할 경우 nextval을 하면 무결성 제약조건 위배됨 따라서 프로그램에서 시퀀스 처럼 처리함.
	-->
	<insert id="createFineDust" parameterType="java.util.List">
		<foreach collection="list" item="item" index="index" open="INSERT ALL " separator=" " close="SELECT * FROM DUAL">
			INTO finedust(fineDustNum, cityName, coValue, dataTime, no2Value, o3Value, pm10Value, pm25Value, sidoName, so2Value)
			VALUES
			(#{item.fineDustNum}, #{item.cityName}, #{item.coValue}, #{item.dataTime}, #{item.no2Value}, #{item.o3Value}, #{item.pm10Value}, #{item.pm25Value}, #{item.sidoName}, #{item.so2Value})
		</foreach>
	</insert>
</mapper>